name;image;landmass;zone;area;population;language;religion;bars;stripes;colours;red ;green;blue;gold;white;black;orange ;mainhue;circles;crosses;saltires;quarters;sunstars;crescent;triangle;icon;animate;text;topleft;botright
Afghanistan;https://upload.wikimedia.org/wikipedia/commons/c/cd/Flag_of_Afghanistan_%282013%E2%80%932021%29.svg;5;1;648;16;10;2;0;3;5;1;1;0;1;1;1;0;green;0;0;0;0;1;0;0;1;0;0;black;green
Albania;https://upload.wikimedia.org/wikipedia/commons/3/36/Flag_of_Albania.svg;3;1;29;3;6;6;0;0;3;1;0;0;1;0;1;0;red;0;0;0;0;1;0;0;0;1;0;red;red
Algeria;https://upload.wikimedia.org/wikipedia/commons/7/77/Flag_of_Algeria.svg;4;1;2388;20;8;2;2;0;3;1;1;0;0;1;0;0;green;0;0;0;0;1;1;0;0;0;0;green;white
American Samoa;https://upload.wikimedia.org/wikipedia/commons/8/87/Flag_of_American_Samoa.svg;6;3;0;0;1;1;0;0;5;1;0;1;1;1;0;1;blue;0;0;0;0;0;0;1;1;1;0;blue;red
Andorra;https://upload.wikimedia.org/wikipedia/commons/1/19/Flag_of_Andorra.svg;3;1;0;0;6;0;3;0;3;1;0;1;1;0;0;0;gold;0;0;0;0;0;0;0;0;0;0;blue;red
Angola;https://upload.wikimedia.org/wikipedia/commons/9/9d/Flag_of_Angola.svg;4;2;1247;7;10;5;0;2;3;1;0;0;1;0;1;0;red;0;0;0;0;1;0;0;1;0;0;red;black
Anguilla;https://upload.wikimedia.org/wikipedia/commons/b/b4/Flag_of_Anguilla.svg;1;4;0;0;1;1;0;1;3;0;0;1;0;1;0;1;white;0;0;0;0;0;0;0;0;1;0;white;blue
Antigua and Barbuda;https://upload.wikimedia.org/wikipedia/commons/8/89/Flag_of_Antigua_and_Barbuda.svg;1;4;0;0;1;1;0;1;5;1;0;1;1;1;1;0;red;0;0;0;0;1;0;1;0;0;0;black;red
Argentina;https://upload.wikimedia.org/wikipedia/commons/1/1a/Flag_of_Argentina.svg;2;3;2777;28;2;0;0;3;2;0;0;1;0;1;0;0;blue;0;0;0;0;0;0;0;0;0;0;blue;blue
Australia;https://upload.wikimedia.org/wikipedia/commons/8/88/Flag_of_Australia_%28converted%29.svg;6;2;7690;15;1;1;0;0;3;1;0;1;0;1;0;0;blue;0;1;1;1;6;0;0;0;0;0;white;blue
Austria;https://upload.wikimedia.org/wikipedia/commons/4/41/Flag_of_Austria.svg;3;1;84;8;4;0;0;3;2;1;0;0;0;1;0;0;red;0;0;0;0;0;0;0;0;0;0;red;red
Bahamas;https://upload.wikimedia.org/wikipedia/commons/9/93/Flag_of_the_Bahamas.svg;1;4;19;0;1;1;0;3;3;0;0;1;1;0;1;0;blue;0;0;0;0;0;0;1;0;0;0;blue;blue
Bahrain;https://upload.wikimedia.org/wikipedia/commons/2/2c/Flag_of_Bahrain.svg;5;1;1;0;8;2;0;0;2;1;0;0;0;1;0;0;red;0;0;0;0;0;0;0;0;0;0;white;red
Bangladesh;https://upload.wikimedia.org/wikipedia/commons/f/f9/Flag_of_Bangladesh.svg;5;1;143;90;6;2;0;0;2;1;1;0;0;0;0;0;green;1;0;0;0;0;0;0;0;0;0;green;green
Barbados;https://upload.wikimedia.org/wikipedia/commons/e/ef/Flag_of_Barbados.svg;1;4;0;0;1;1;3;0;3;0;0;1;1;0;1;0;blue;0;0;0;0;0;0;0;1;0;0;blue;blue
Belgium;https://upload.wikimedia.org/wikipedia/commons/6/65/Flag_of_Belgium.svg;3;1;31;10;6;0;3;0;3;1;0;0;1;0;1;0;gold;0;0;0;0;0;0;0;0;0;0;black;red
Belize;https://upload.wikimedia.org/wikipedia/commons/e/e7/Flag_of_Belize.svg;1;4;23;0;1;1;0;2;8;1;1;1;1;1;1;1;blue;1;0;0;0;0;0;0;1;1;1;red;red
Benin;https://upload.wikimedia.org/wikipedia/commons/0/0a/Flag_of_Benin.svg;4;1;113;3;3;5;0;0;2;1;1;0;0;0;0;0;green;0;0;0;0;1;0;0;0;0;0;green;green
Bermuda;https://upload.wikimedia.org/wikipedia/commons/b/bf/Flag_of_Bermuda.svg;1;4;0;0;1;1;0;0;6;1;1;1;1;1;1;0;red;1;1;1;1;0;0;0;1;1;0;white;red
Bhutan;https://upload.wikimedia.org/wikipedia/commons/9/91/Flag_of_Bhutan.svg;5;1;47;1;10;3;0;0;4;1;0;0;0;1;1;1;orange;4;0;0;0;0;0;0;0;1;0;orange;red
Bolivia;https://upload.wikimedia.org/wikipedia/commons/d/de/Flag_of_Bolivia_%28state%29.svg;2;3;1099;6;2;0;0;3;3;1;1;0;1;0;0;0;red;0;0;0;0;0;0;0;0;0;0;red;green
Botswana;https://upload.wikimedia.org/wikipedia/commons/f/fa/Flag_of_Botswana.svg;4;2;600;1;10;5;0;5;3;0;0;1;0;1;1;0;blue;0;0;0;0;0;0;0;0;0;0;blue;blue
Brazil;https://upload.wikimedia.org/wikipedia/en/0/05/Flag_of_Brazil.svg;2;3;8512;119;6;0;0;0;4;0;1;1;1;1;0;0;green;1;0;0;0;22;0;0;0;0;1;green;green
British Virgin Islands;https://upload.wikimedia.org/wikipedia/commons/4/42/Flag_of_the_British_Virgin_Islands.svg;1;4;0;0;1;1;0;0;6;1;1;1;1;1;0;1;blue;0;1;1;1;0;0;0;1;1;1;white;blue
Brunei;https://upload.wikimedia.org/wikipedia/commons/9/9c/Flag_of_Brunei.svg;5;1;6;0;10;2;0;0;4;1;0;0;1;1;1;0;gold;0;0;0;0;0;0;1;1;1;1;white;gold
Bulgaria;https://upload.wikimedia.org/wikipedia/commons/9/9a/Flag_of_Bulgaria.svg;3;1;111;9;5;6;0;3;5;1;1;1;1;1;0;0;red;0;0;0;0;1;0;0;1;1;0;white;red
Burkina Faso;https://upload.wikimedia.org/wikipedia/commons/3/31/Flag_of_Burkina_Faso.svg;4;4;274;7;3;5;0;2;3;1;1;0;1;0;0;0;red;0;0;0;0;1;0;0;0;0;0;red;green
Burma;https://upload.wikimedia.org/wikipedia/commons/8/8c/Flag_of_Myanmar.svg;5;1;678;35;10;3;0;0;3;1;0;1;0;1;0;0;red;0;0;0;1;14;0;0;1;1;0;blue;red
Burundi;https://upload.wikimedia.org/wikipedia/commons/5/50/Flag_of_Burundi.svg;4;2;28;4;10;5;0;0;3;1;1;0;0;1;0;0;red;1;0;1;0;3;0;0;0;0;0;white;white
Cameroon;https://upload.wikimedia.org/wikipedia/commons/4/4f/Flag_of_Cameroon.svg;4;1;474;8;3;1;3;0;3;1;1;0;1;0;0;0;gold;0;0;0;0;1;0;0;0;0;0;green;gold
Canada;https://upload.wikimedia.org/wikipedia/commons/d/d9/Flag_of_Canada_%28Pantone%29.svg;1;4;9976;24;1;1;2;0;2;1;0;0;0;1;0;0;red;0;0;0;0;0;0;0;0;1;0;red;red
Cape Verde Islands;https://upload.wikimedia.org/wikipedia/commons/3/38/Flag_of_Cape_Verde.svg;4;4;4;0;6;0;1;2;5;1;1;0;1;0;1;1;gold;0;0;0;0;1;0;0;0;1;0;red;green
Cayman Islands;https://upload.wikimedia.org/wikipedia/commons/0/0f/Flag_of_the_Cayman_Islands.svg;1;4;0;0;1;1;0;0;6;1;1;1;1;1;0;1;blue;1;1;1;1;4;0;0;1;1;1;white;blue
Central African Republic;https://upload.wikimedia.org/wikipedia/commons/6/6f/Flag_of_the_Central_African_Republic.svg;4;1;623;2;10;5;1;0;5;1;1;1;1;1;0;0;gold;0;0;0;0;1;0;0;0;0;0;blue;gold
Chad;https://upload.wikimedia.org/wikipedia/commons/4/4b/Flag_of_Chad.svg;4;1;1284;4;3;5;3;0;3;1;0;1;1;0;0;0;gold;0;0;0;0;0;0;0;0;0;0;blue;red
Chile;https://upload.wikimedia.org/wikipedia/commons/7/78/Flag_of_Chile.svg;2;3;757;11;2;0;0;2;3;1;0;1;0;1;0;0;red;0;0;0;1;1;0;0;0;0;0;blue;red
China;https://upload.wikimedia.org/wikipedia/commons/f/fa/Flag_of_the_People%27s_Republic_of_China.svg;5;1;9561;1008;7;6;0;0;2;1;0;0;1;0;0;0;red;0;0;0;0;5;0;0;0;0;0;red;red
Colombia;https://upload.wikimedia.org/wikipedia/commons/2/21/Flag_of_Colombia.svg;2;4;1139;28;2;0;0;3;3;1;0;1;1;0;0;0;gold;0;0;0;0;0;0;0;0;0;0;gold;red
Comoros;https://upload.wikimedia.org/wikipedia/commons/9/94/Flag_of_the_Comoros.svg;4;2;2;0;3;2;0;0;2;0;1;0;0;1;0;0;green;0;0;0;0;4;1;0;0;0;0;green;green
Congo;https://upload.wikimedia.org/wikipedia/commons/6/6f/Flag_of_the_Democratic_Republic_of_the_Congo.svg;4;2;342;2;10;5;0;0;3;1;1;0;1;0;0;0;red;0;0;0;0;1;0;0;1;1;0;red;red
Cook Islands;https://upload.wikimedia.org/wikipedia/commons/3/35/Flag_of_the_Cook_Islands.svg;6;3;0;0;1;1;0;0;4;1;0;1;0;1;0;0;blue;1;1;1;1;15;0;0;0;0;0;white;blue
Costa Rica;https://upload.wikimedia.org/wikipedia/commons/b/bc/Flag_of_Costa_Rica_%28state%29.svg;1;4;51;2;2;0;0;5;3;1;0;1;0;1;0;0;blue;0;0;0;0;0;0;0;0;0;0;blue;blue
Cuba;https://upload.wikimedia.org/wikipedia/commons/b/bd/Flag_of_Cuba.svg;1;4;115;10;2;6;0;5;3;1;0;1;0;1;0;0;blue;0;0;0;0;1;0;1;0;0;0;blue;blue
Cyprus;https://upload.wikimedia.org/wikipedia/commons/d/d4/Flag_of_Cyprus.svg;3;1;9;1;6;1;0;0;3;0;1;0;1;1;0;0;white;0;0;0;0;0;0;0;1;1;0;white;white
Czechia;https://upload.wikimedia.org/wikipedia/commons/c/cb/Flag_of_the_Czech_Republic.svg;3;1;128;15;5;6;0;0;3;1;0;1;0;1;0;0;white;0;0;0;0;0;0;1;0;0;0;white;red
Denmark;https://upload.wikimedia.org/wikipedia/commons/9/9c/Flag_of_Denmark.svg;3;1;43;5;6;1;0;0;2;1;0;0;0;1;0;0;red;0;1;0;0;0;0;0;0;0;0;red;red
Djibouti;https://upload.wikimedia.org/wikipedia/commons/3/34/Flag_of_Djibouti.svg;4;1;22;0;3;2;0;0;4;1;1;1;0;1;0;0;blue;0;0;0;0;1;0;1;0;0;0;white;green
Dominica;https://upload.wikimedia.org/wikipedia/commons/c/c4/Flag_of_Dominica.svg;1;4;0;0;1;1;0;0;6;1;1;1;1;1;1;0;green;1;0;0;0;10;0;0;0;1;0;green;green
Dominican Republic;https://upload.wikimedia.org/wikipedia/commons/9/9f/Flag_of_the_Dominican_Republic.svg;1;4;49;6;2;0;0;0;3;1;0;1;0;1;0;0;blue;0;1;0;0;0;0;0;0;0;0;blue;blue
Ecuador;https://upload.wikimedia.org/wikipedia/commons/e/e8/Flag_of_Ecuador.svg;2;3;284;8;2;0;0;3;3;1;0;1;1;0;0;0;gold;0;0;0;0;0;0;0;0;0;0;gold;red
Egypt;https://upload.wikimedia.org/wikipedia/commons/f/fe/Flag_of_Egypt.svg;4;1;1001;47;8;2;0;3;4;1;0;0;1;1;1;0;black;0;0;0;0;0;0;0;0;1;1;red;black
El Salvador;https://upload.wikimedia.org/wikipedia/commons/3/34/Flag_of_El_Salvador.svg;1;4;21;5;2;0;0;3;2;0;0;1;0;1;0;0;blue;0;0;0;0;0;0;0;0;0;0;blue;blue
Equatorial Guinea;https://upload.wikimedia.org/wikipedia/commons/3/31/Flag_of_Equatorial_Guinea.svg;4;1;28;0;10;5;0;3;4;1;1;1;0;1;0;0;green;0;0;0;0;0;0;1;0;0;0;green;red
Ethiopia;https://upload.wikimedia.org/wikipedia/commons/7/71/Flag_of_Ethiopia.svg;4;1;1222;31;10;1;0;3;3;1;1;0;1;0;0;0;green;0;0;0;0;0;0;0;0;0;0;green;red
Faroe Islands;https://upload.wikimedia.org/wikipedia/commons/3/3c/Flag_of_the_Faroe_Islands.svg;3;4;1;0;6;1;0;0;3;1;0;1;0;1;0;0;white;0;1;0;0;0;0;0;0;0;0;white;white
Falklands Malvinas;https://upload.wikimedia.org/wikipedia/commons/8/83/Flag_of_the_Falkland_Islands.svg;2;3;12;0;1;1;0;0;6;1;1;1;1;1;0;0;blue;1;1;1;1;0;0;0;1;1;1;white;blue
Fiji;https://upload.wikimedia.org/wikipedia/commons/b/ba/Flag_of_Fiji.svg;6;2;18;1;1;1;0;0;7;1;1;1;1;1;0;1;blue;0;2;1;1;0;0;0;1;1;0;white;blue
Finland;https://upload.wikimedia.org/wikipedia/commons/b/bc/Flag_of_Finland.svg;3;1;337;5;9;1;0;0;2;0;0;1;0;1;0;0;white;0;1;0;0;0;0;0;0;0;0;white;white
France;https://upload.wikimedia.org/wikipedia/en/c/c3/Flag_of_France.svg;3;1;547;54;3;0;3;0;3;1;0;1;0;1;0;0;white;0;0;0;0;0;0;0;0;0;0;blue;red
French Guiana;https://upload.wikimedia.org/wikipedia/en/c/c3/Flag_of_France.svg;2;4;91;0;3;0;3;0;3;1;0;1;0;1;0;0;white;0;0;0;0;0;0;0;0;0;0;blue;red
French Polynesia;https://upload.wikimedia.org/wikipedia/commons/d/db/Flag_of_French_Polynesia.svg;6;3;4;0;3;0;0;3;5;1;0;1;1;1;1;0;red;1;0;0;0;1;0;0;1;0;0;red;red
Gabon;https://upload.wikimedia.org/wikipedia/commons/0/04/Flag_of_Gabon.svg;4;2;268;1;10;5;0;3;3;0;1;1;1;0;0;0;green;0;0;0;0;0;0;0;0;0;0;green;blue
Gambia;https://en.wikipedia.org/wiki/File:Flag_of_The_Gambia.svg;4;4;10;1;1;5;0;5;4;1;1;1;0;1;0;0;red;0;0;0;0;0;0;0;0;0;0;red;green
Germany ;https://upload.wikimedia.org/wikipedia/en/b/ba/Flag_of_Germany.svg;3;1;249;61;4;1;0;3;3;1;0;0;1;0;1;0;black;0;0;0;0;0;0;0;0;0;0;black;gold
Ghana;https://upload.wikimedia.org/wikipedia/commons/1/19/Flag_of_Ghana.svg;4;4;239;14;1;5;0;3;4;1;1;0;1;0;1;0;red;0;0;0;0;1;0;0;0;0;0;red;green
Gibraltar;https://upload.wikimedia.org/wikipedia/commons/0/02/Flag_of_Gibraltar.svg;3;4;0;0;1;1;0;1;3;1;0;0;1;1;0;0;white;0;0;0;0;0;0;0;1;0;0;white;red
Greece;https://upload.wikimedia.org/wikipedia/commons/5/5c/Flag_of_Greece.svg;3;1;132;10;6;1;0;9;2;0;0;1;0;1;0;0;blue;0;1;0;1;0;0;0;0;0;0;blue;blue
Greenland;https://upload.wikimedia.org/wikipedia/commons/0/09/Flag_of_Greenland.svg;1;4;2176;0;6;1;0;0;2;1;0;0;0;1;0;0;white;1;0;0;0;0;0;0;0;0;0;white;red
Grenada;https://upload.wikimedia.org/wikipedia/commons/b/bc/Flag_of_Grenada.svg;1;4;0;0;1;1;0;0;3;1;1;0;1;0;0;0;gold;1;0;0;0;7;0;1;0;1;0;red;red
Guam;https://upload.wikimedia.org/wikipedia/commons/0/07/Flag_of_Guam.svg;6;1;0;0;1;1;0;0;7;1;1;1;1;1;0;1;blue;0;0;0;0;0;0;0;1;1;1;red;red
Guatemala;https://upload.wikimedia.org/wikipedia/commons/e/ec/Flag_of_Guatemala.svg;1;4;109;8;2;0;3;0;2;0;0;1;0;1;0;0;blue;0;0;0;0;0;0;0;0;0;0;blue;blue
Guinea;https://upload.wikimedia.org/wikipedia/commons/e/ed/Flag_of_Guinea.svg;4;4;246;6;3;2;3;0;3;1;1;0;1;0;0;0;gold;0;0;0;0;0;0;0;0;0;0;red;green
Guinea Bissau;https://upload.wikimedia.org/wikipedia/commons/0/01/Flag_of_Guinea-Bissau.svg;4;4;36;1;6;5;1;2;4;1;1;0;1;0;1;0;gold;0;0;0;0;1;0;0;0;0;0;red;green
Guyana;https://upload.wikimedia.org/wikipedia/commons/9/99/Flag_of_Guyana.svg;2;4;215;1;1;4;0;0;5;1;1;0;1;1;1;0;green;0;0;0;0;0;0;1;0;0;0;black;green
Haiti;https://upload.wikimedia.org/wikipedia/commons/thumb/5/56/Flag_of_Haiti.svg/640px-Flag_of_Haiti.svg.png;1;4;28;6;3;0;2;0;2;1;0;0;0;0;1;0;black;0;0;0;0;0;0;0;0;0;0;black;red
Honduras;https://upload.wikimedia.org/wikipedia/commons/thumb/7/71/Flag_of_Honduras_%281949%E2%80%932022%2C_3-2%29.svg/640px-Flag_of_Honduras_%281949%E2%80%932022%2C_3-2%29.svg.png;1;4;112;4;2;0;0;3;2;0;0;1;0;1;0;0;blue;0;0;0;0;5;0;0;0;0;0;blue;blue
Hong Kong;https://upload.wikimedia.org/wikipedia/commons/thumb/5/5b/Flag_of_Hong_Kong.svg/640px-Flag_of_Hong_Kong.svg.png;5;1;1;5;7;3;0;0;6;1;1;1;1;1;0;1;blue;1;1;1;1;0;0;0;1;1;1;white;blue
Hungary;https://upload.wikimedia.org/wikipedia/commons/thumb/b/bc/Civil_Ensign_of_Hungary.svg/640px-Civil_Ensign_of_Hungary.svg.png;3;1;93;11;9;6;0;3;3;1;1;0;0;1;0;0;red;0;0;0;0;0;0;0;0;0;0;red;green
Iceland;https://upload.wikimedia.org/wikipedia/commons/thumb/c/ce/Flag_of_Iceland.svg/640px-Flag_of_Iceland.svg.png;3;4;103;0;6;1;0;0;3;1;0;1;0;1;0;0;blue;0;1;0;0;0;0;0;0;0;0;blue;blue
India;https://upload.wikimedia.org/wikipedia/commons/thumb/4/41/Flag_of_India.svg/640px-Flag_of_India.svg.png;5;1;3268;684;6;4;0;3;4;0;1;1;0;1;0;1;orange;1;0;0;0;0;0;0;1;0;0;orange;green
Indonesia;https://upload.wikimedia.org/wikipedia/commons/thumb/9/9f/Flag_of_Indonesia.svg/640px-Flag_of_Indonesia.svg.png;6;2;1904;157;10;2;0;2;2;1;0;0;0;1;0;0;red;0;0;0;0;0;0;0;0;0;0;red;white
Iran;https://upload.wikimedia.org/wikipedia/commons/thumb/c/ca/Flag_of_Iran.svg/640px-Flag_of_Iran.svg.png;5;1;1648;39;6;2;0;3;3;1;1;0;0;1;0;0;red;0;0;0;0;0;0;0;1;0;1;green;red
Iraq;https://upload.wikimedia.org/wikipedia/commons/thumb/f/f6/Flag_of_Iraq.svg/640px-Flag_of_Iraq.svg.png;5;1;435;14;8;2;0;3;4;1;1;0;0;1;1;0;red;0;0;0;0;3;0;0;0;0;0;red;black
Ireland;https://upload.wikimedia.org/wikipedia/commons/thumb/4/45/Flag_of_Ireland.svg/640px-Flag_of_Ireland.svg.png;3;4;70;3;1;0;3;0;3;0;1;0;0;1;0;1;white;0;0;0;0;0;0;0;0;0;0;green;orange
Israel;https://upload.wikimedia.org/wikipedia/commons/thumb/d/d4/Flag_of_Israel.svg/640px-Flag_of_Israel.svg.png;5;1;21;4;10;7;0;2;2;0;0;1;0;1;0;0;white;0;0;0;0;1;0;0;0;0;0;blue;blue
Italy;https://upload.wikimedia.org/wikipedia/commons/thumb/0/03/Flag_of_Italy.svg/640px-Flag_of_Italy.svg.png;3;1;301;57;6;0;3;0;3;1;1;0;0;1;0;0;white;0;0;0;0;0;0;0;0;0;0;green;red
Cote d'Ivoire;https://upload.wikimedia.org/wikipedia/commons/thumb/f/fe/Flag_of_C%C3%B4te_d%27Ivoire.svg/640px-Flag_of_C%C3%B4te_d%27Ivoire.svg.png;4;4;323;7;3;5;3;0;3;1;1;0;0;1;0;0;white;0;0;0;0;0;0;0;0;0;0;red;green
Jamaica;https://upload.wikimedia.org/wikipedia/commons/thumb/0/0a/Flag_of_Jamaica.svg/640px-Flag_of_Jamaica.svg.png;1;4;11;2;1;1;0;0;3;0;1;0;1;0;1;0;green;0;0;1;0;0;0;1;0;0;0;gold;gold
Japan;https://upload.wikimedia.org/wikipedia/commons/thumb/9/9e/Flag_of_Japan.svg/640px-Flag_of_Japan.svg.png;5;1;372;118;9;7;0;0;2;1;0;0;0;1;0;0;white;1;0;0;0;1;0;0;0;0;0;white;white
Jordan;https://upload.wikimedia.org/wikipedia/commons/thumb/c/c0/Flag_of_Jordan.svg/640px-Flag_of_Jordan.svg.png;5;1;98;2;8;2;0;3;4;1;1;0;0;1;1;0;black;0;0;0;0;1;0;1;0;0;0;black;green
Kampuchea;https://upload.wikimedia.org/wikipedia/commons/thumb/8/87/Flag_of_the_People%27s_Republic_of_Kampuchea_%2816-9%29.svg/640px-Flag_of_the_People%27s_Republic_of_Kampuchea_%2816-9%29.svg.png;5;1;181;6;10;3;0;0;2;1;0;0;1;0;0;0;red;0;0;0;0;0;0;0;1;0;0;red;red
Kenya;https://upload.wikimedia.org/wikipedia/commons/thumb/4/49/Flag_of_Kenya.svg/640px-Flag_of_Kenya.svg.png;4;1;583;17;10;5;0;5;4;1;1;0;0;1;1;0;red;1;0;0;0;0;0;0;1;0;0;black;green
Kiribati;https://upload.wikimedia.org/wikipedia/commons/thumb/8/8b/Flag_of_Kiribati_%283-2%29.svg/640px-Flag_of_Kiribati_%283-2%29.svg.png;6;1;0;0;1;1;0;0;4;1;0;1;1;1;0;0;red;0;0;0;0;1;0;0;1;1;0;red;blue
Kuwait;https://upload.wikimedia.org/wikipedia/commons/thumb/a/aa/Flag_of_Kuwait.svg/640px-Flag_of_Kuwait.svg.png;5;1;18;2;8;2;0;3;4;1;1;0;0;1;1;0;green;0;0;0;0;0;0;0;0;0;0;green;red
Laos;https://upload.wikimedia.org/wikipedia/commons/thumb/5/56/Flag_of_Laos.svg/640px-Flag_of_Laos.svg.png;5;1;236;3;10;6;0;3;3;1;0;1;0;1;0;0;red;1;0;0;0;0;0;0;0;0;0;red;red
Lebanon;https://upload.wikimedia.org/wikipedia/commons/5/59/Flag_of_Lebanon.svg;5;1;10;3;8;2;0;2;4;1;1;0;0;1;0;1;red;0;0;0;0;0;0;0;0;1;0;red;red
Lesotho;https://upload.wikimedia.org/wikipedia/commons/thumb/4/4a/Flag_of_Lesotho.svg/640px-Flag_of_Lesotho.svg.png;4;2;30;1;10;5;2;0;4;1;1;1;0;1;0;0;blue;0;0;0;0;0;0;0;1;0;0;green;blue
Liberia;https://upload.wikimedia.org/wikipedia/commons/thumb/b/be/Flag_of_Liberia_%281-2_ratio%29.png/640px-Flag_of_Liberia_%281-2_ratio%29.png;4;4;111;1;10;5;0;11;3;1;0;1;0;1;0;0;red;0;0;0;1;1;0;0;0;0;0;blue;red
Libya;https://upload.wikimedia.org/wikipedia/commons/thumb/0/05/Flag_of_Libya.svg/640px-Flag_of_Libya.svg.png;4;1;1760;3;8;2;0;0;1;0;1;0;0;0;0;0;green;0;0;0;0;0;0;0;0;0;0;green;green
Liechtenstein;https://upload.wikimedia.org/wikipedia/commons/thumb/4/47/Flag_of_Liechtenstein.svg/640px-Flag_of_Liechtenstein.svg.png;3;1;0;0;4;0;0;2;3;1;0;1;1;0;0;0;red;0;0;0;0;0;0;0;1;0;0;blue;red
Luxembourg;https://upload.wikimedia.org/wikipedia/commons/thumb/a/a7/Flag_of_Luxembourg.png/640px-Flag_of_Luxembourg.png;3;1;3;0;4;0;0;3;3;1;0;1;0;1;0;0;red;0;0;0;0;0;0;0;0;0;0;red;blue
Madagascar;https://upload.wikimedia.org/wikipedia/commons/thumb/b/bc/Flag_of_Madagascar.svg/640px-Flag_of_Madagascar.svg.png;4;2;587;9;10;1;1;2;3;1;1;0;0;1;0;0;red;0;0;0;0;0;0;0;0;0;0;white;green
Malawi;https://upload.wikimedia.org/wikipedia/commons/thumb/d/d1/Flag_of_Malawi.svg/640px-Flag_of_Malawi.svg.png;4;2;118;6;10;5;0;3;3;1;1;0;0;0;1;0;red;0;0;0;0;1;0;0;0;0;0;black;green
Malaysia;https://upload.wikimedia.org/wikipedia/commons/thumb/6/66/Flag_of_Malaysia.svg/640px-Flag_of_Malaysia.svg.png;5;1;333;13;10;2;0;14;4;1;0;1;1;1;0;0;red;0;0;0;1;1;1;0;0;0;0;blue;white
Maldive Islands;https://www.countryflags.com/wp-content/uploads/maldives-flag-png-large.png;5;1;0;0;10;2;0;0;3;1;1;0;0;1;0;0;red;0;0;0;0;0;1;0;0;0;0;red;red
Mali;https://upload.wikimedia.org/wikipedia/commons/thumb/9/92/Flag_of_Mali.svg/640px-Flag_of_Mali.svg.png;4;4;1240;7;3;2;3;0;3;1;1;0;1;0;0;0;gold;0;0;0;0;0;0;0;0;0;0;green;red
Malta;https://upload.wikimedia.org/wikipedia/commons/thumb/7/73/Flag_of_Malta.svg/640px-Flag_of_Malta.svg.png;3;1;0;0;10;0;2;0;3;1;0;0;0;1;1;0;red;0;1;0;0;0;0;0;1;0;0;white;red
Marianas;https://upload.wikimedia.org/wikipedia/commons/thumb/e/e0/Flag_of_the_Northern_Mariana_Islands.svg/640px-Flag_of_the_Northern_Mariana_Islands.svg.png;6;1;0;0;10;1;0;0;3;0;0;1;0;1;0;0;blue;0;0;0;0;1;0;0;1;0;0;blue;blue
Mauritania;https://upload.wikimedia.org/wikipedia/commons/8/8f/Flag_of_Mauritania_%281959%E2%80%932017%29.svg;4;4;1031;2;8;2;0;0;2;0;1;0;1;0;0;0;green;0;0;0;0;1;1;0;0;0;0;green;green
Mauritius;https://upload.wikimedia.org/wikipedia/commons/thumb/7/77/Flag_of_Mauritius.svg/640px-Flag_of_Mauritius.svg.png;4;2;2;1;1;4;0;4;4;1;1;1;1;0;0;0;red;0;0;0;0;0;0;0;0;0;0;red;green
Mexico;https://upload.wikimedia.org/wikipedia/commons/f/fc/Flag_of_Mexico.svg;1;4;1973;77;2;0;3;0;4;1;1;0;0;1;0;1;green;0;0;0;0;0;0;0;0;1;0;green;red
Micronesia;https://upload.wikimedia.org/wikipedia/commons/thumb/e/e4/Flag_of_the_Federated_States_of_Micronesia.svg/640px-Flag_of_the_Federated_States_of_Micronesia.svg.png;6;1;1;0;10;1;0;0;2;0;0;1;0;1;0;0;blue;0;0;0;0;4;0;0;0;0;0;blue;blue
Monaco;https://upload.wikimedia.org/wikipedia/commons/thumb/e/ea/Flag_of_Monaco.svg/640px-Flag_of_Monaco.svg.png;3;1;0;0;3;0;0;2;2;1;0;0;0;1;0;0;red;0;0;0;0;0;0;0;0;0;0;red;white
Mongolia;https://upload.wikimedia.org/wikipedia/commons/thumb/0/08/Flag_of_Mongolia_%281992%E2%80%932011%29.svg/640px-Flag_of_Mongolia_%281992%E2%80%932011%29.svg.png;5;1;1566;2;10;6;3;0;3;1;0;1;1;0;0;0;red;2;0;0;0;1;1;1;1;0;0;red;red
Montserrat;https://upload.wikimedia.org/wikipedia/commons/thumb/d/d0/Flag_of_Montserrat.svg/640px-Flag_of_Montserrat.svg.png;1;4;0;0;1;1;0;0;7;1;1;1;1;1;1;0;blue;0;2;1;1;0;0;0;1;1;0;white;blue
Morocco;https://upload.wikimedia.org/wikipedia/commons/thumb/2/2c/Flag_of_Morocco.svg/640px-Flag_of_Morocco.svg.png;4;4;447;20;8;2;0;0;2;1;1;0;0;0;0;0;red;0;0;0;0;1;0;0;0;0;0;red;red
Mozambique;https://upload.wikimedia.org/wikipedia/commons/thumb/1/18/Flag_of_Mozambique_%281974%E2%80%931975%29.svg/640px-Flag_of_Mozambique_%281974%E2%80%931975%29.svg.png;4;2;783;12;10;5;0;5;5;1;1;0;1;1;1;0;gold;0;0;0;0;1;0;1;1;0;0;green;gold
Nauru;https://upload.wikimedia.org/wikipedia/commons/thumb/3/30/Flag_of_Nauru.svg/640px-Flag_of_Nauru.svg.png;6;2;0;0;10;1;0;3;3;0;0;1;1;1;0;0;blue;0;0;0;0;1;0;0;0;0;0;blue;blue
Nepal;https://upload.wikimedia.org/wikipedia/commons/thumb/9/9b/Flag_of_Nepal.svg/640px-Flag_of_Nepal.svg.png;5;1;140;16;10;4;0;0;3;0;0;1;0;1;0;1;brown;0;0;0;0;2;1;0;0;0;0;blue;blue
Netherlands;https://upload.wikimedia.org/wikipedia/commons/2/20/Flag_of_the_Netherlands.svg;3;1;41;14;6;1;0;3;3;1;0;1;0;1;0;0;red;0;0;0;0;0;0;0;0;0;0;red;blue
Netherlands Antilles;https://upload.wikimedia.org/wikipedia/commons/e/eb/Flag_of_the_Netherlands_Antilles_%281959%E2%80%931986%29.svg;1;4;0;0;6;1;0;1;3;1;0;1;0;1;0;0;white;0;0;0;0;6;0;0;0;0;0;white;white
New Zealand;https://upload.wikimedia.org/wikipedia/commons/thumb/3/3e/Flag_of_New_Zealand.svg/640px-Flag_of_New_Zealand.svg.png;6;2;268;2;1;1;0;0;3;1;0;1;0;1;0;0;blue;0;1;1;1;4;0;0;0;0;0;white;blue
Nicaragua;https://upload.wikimedia.org/wikipedia/commons/thumb/1/19/Flag_of_Nicaragua.svg/640px-Flag_of_Nicaragua.svg.png;1;4;128;3;2;0;0;3;2;0;0;1;0;1;0;0;blue;0;0;0;0;0;0;0;0;0;0;blue;blue
Niger;https://upload.wikimedia.org/wikipedia/commons/thumb/e/eb/Flag_of_Niger_%283-2%29.svg/640px-Flag_of_Niger_%283-2%29.svg.png;4;1;1267;5;3;2;0;3;3;0;1;0;0;1;0;1;orange;1;0;0;0;0;0;0;0;0;0;orange;green
Nigeria;https://upload.wikimedia.org/wikipedia/commons/7/79/Flag_of_Nigeria.svg;4;1;925;56;10;2;3;0;2;0;1;0;0;1;0;0;green;0;0;0;0;0;0;0;0;0;0;green;green
Niue;https://upload.wikimedia.org/wikipedia/commons/thumb/0/01/Flag_of_Niue.svg/640px-Flag_of_Niue.svg.png;6;3;0;0;1;1;0;0;4;1;0;1;1;1;0;0;gold;1;1;1;1;5;0;0;0;0;0;white;gold
North Korea;https://upload.wikimedia.org/wikipedia/commons/thumb/8/88/Flag_of_North_Korea_%281948%E2%80%931992%29.svg/640px-Flag_of_North_Korea_%281948%E2%80%931992%29.svg.png;5;1;121;18;10;6;0;5;3;1;0;1;0;1;0;0;blue;1;0;0;0;1;0;0;0;0;0;blue;blue
North Yemen;https://upload.wikimedia.org/wikipedia/commons/thumb/f/f6/Flag_of_North_Yemen.svg/640px-Flag_of_North_Yemen.svg.png;5;1;195;9;8;2;0;3;4;1;1;0;0;1;1;0;red;0;0;0;0;1;0;0;0;0;0;red;black
Norway;https://upload.wikimedia.org/wikipedia/commons/thumb/d/d9/Flag_of_Norway.svg/640px-Flag_of_Norway.svg.png;3;1;324;4;6;1;0;0;3;1;0;1;0;1;0;0;red;0;1;0;0;0;0;0;0;0;0;red;red
Oman;https://upload.wikimedia.org/wikipedia/commons/thumb/d/dd/Flag_of_Oman.svg/640px-Flag_of_Oman.svg.png;5;1;212;1;8;2;0;2;3;1;1;0;0;1;0;0;red;0;0;0;0;0;0;0;1;0;0;red;green
Pakistan;https://upload.wikimedia.org/wikipedia/commons/thumb/3/32/Flag_of_Pakistan.svg/640px-Flag_of_Pakistan.svg.png;5;1;804;84;6;2;1;0;2;0;1;0;0;1;0;0;green;0;0;0;0;1;1;0;0;0;0;white;green
Panama;https://upload.wikimedia.org/wikipedia/commons/a/ab/Flag_of_Panama.svg;2;4;76;2;2;0;0;0;3;1;0;1;0;1;0;0;red;0;0;0;4;2;0;0;0;0;0;white;white
Papua New Guinea;https://upload.wikimedia.org/wikipedia/commons/f/f1/Flag_of_Paraguay_%28reverse%29.svg;6;2;463;3;1;5;0;0;4;1;0;0;1;1;1;0;black;0;0;0;0;5;0;1;0;1;0;red;black
Paraguay;https://upload.wikimedia.org/wikipedia/commons/thumb/2/26/Flag_of_Papua_New_Guinea_%28WFB_2000%29.svg/640px-Flag_of_Papua_New_Guinea_%28WFB_2000%29.svg.png;2;3;407;3;2;0;0;3;6;1;1;1;1;1;1;0;red;1;0;0;0;1;0;0;1;1;1;red;blue
Peru;https://upload.wikimedia.org/wikipedia/commons/thumb/d/df/Flag_of_Peru_%28state%29.svg/640px-Flag_of_Peru_%28state%29.svg.png;2;3;1285;14;2;0;3;0;2;1;0;0;0;1;0;0;red;0;0;0;0;0;0;0;0;0;0;red;red
Philippines;https://upload.wikimedia.org/wikipedia/commons/thumb/9/99/Flag_of_the_Philippines.svg/640px-Flag_of_the_Philippines.svg.png;6;1;300;48;10;0;0;0;4;1;0;1;1;1;0;0;blue;0;0;0;0;4;0;1;0;0;0;blue;red
Poland;https://upload.wikimedia.org/wikipedia/commons/thumb/1/12/Flag_of_Poland.svg/640px-Flag_of_Poland.svg.png;3;1;313;36;5;6;0;2;2;1;0;0;0;1;0;0;white;0;0;0;0;0;0;0;0;0;0;white;red
Portugal;https://upload.wikimedia.org/wikipedia/commons/5/5c/Flag_of_Portugal.svg;3;4;92;10;6;0;0;0;5;1;1;1;1;1;0;0;red;1;0;0;0;0;0;0;1;0;0;green;red
Puerto Rico;https://upload.wikimedia.org/wikipedia/commons/thumb/2/28/Flag_of_Puerto_Rico.svg/640px-Flag_of_Puerto_Rico.svg.png;1;4;9;3;2;0;0;5;3;1;0;1;0;1;0;0;red;0;0;0;0;1;0;1;0;0;0;red;red
Qatar;https://upload.wikimedia.org/wikipedia/commons/thumb/6/65/Flag_of_Qatar.svg/640px-Flag_of_Qatar.svg.png;5;1;11;0;8;2;0;0;2;0;0;0;0;1;0;1;brown;0;0;0;0;0;0;0;0;0;0;white;brown
Romania;https://upload.wikimedia.org/wikipedia/commons/7/73/Flag_of_Romania.svg;3;1;237;22;6;6;3;0;7;1;1;1;1;1;0;1;red;0;0;0;0;2;0;0;1;1;1;blue;red
Rwanda;https://upload.wikimedia.org/wikipedia/commons/1/17/Flag_of_Rwanda.svg;4;2;26;5;10;5;3;0;4;1;1;0;1;0;1;0;red;0;0;0;0;0;0;0;0;0;1;red;green
San Marino;https://upload.wikimedia.org/wikipedia/commons/thumb/5/58/Flag_of_San_Marino_%28civil%29.svg/640px-Flag_of_San_Marino_%28civil%29.svg.png;3;1;0;0;6;0;0;2;2;0;0;1;0;1;0;0;white;0;0;0;0;0;0;0;0;0;0;white;blue
Sao Tome;https://upload.wikimedia.org/wikipedia/commons/0/0a/Flag_of_S%C3%A3o_Tom%C3%A9_and_Pr%C3%ADncipe.svg;4;1;0;0;6;0;0;3;4;1;1;0;1;0;1;0;green;0;0;0;0;2;0;1;0;0;0;green;green
Saudi Arabia;https://upload.wikimedia.org/wikipedia/commons/0/0d/Flag_of_Saudi_Arabia.svg;5;1;2150;9;8;2;0;0;2;0;1;0;0;1;0;0;green;0;0;0;0;0;0;0;1;0;1;green;green
Senegal;https://upload.wikimedia.org/wikipedia/commons/f/fd/Flag_of_Senegal.svg;4;4;196;6;3;2;3;0;3;1;1;0;1;0;0;0;green;0;0;0;0;1;0;0;0;0;0;green;red
Seychelles;https://upload.wikimedia.org/wikipedia/commons/thumb/f/fc/Flag_of_Seychelles.svg/640px-Flag_of_Seychelles.svg.png;4;2;0;0;1;1;0;0;3;1;1;0;0;1;0;0;red;0;0;0;0;0;0;0;0;0;0;red;green
Sierra Leone;https://upload.wikimedia.org/wikipedia/commons/thumb/1/17/Flag_of_Sierra_Leone.svg/640px-Flag_of_Sierra_Leone.svg.png;4;4;72;3;1;5;0;3;3;0;1;1;0;1;0;0;green;0;0;0;0;0;0;0;0;0;0;green;blue
Singapore;https://upload.wikimedia.org/wikipedia/commons/4/48/Flag_of_Singapore.svg;5;1;1;3;7;3;0;2;2;1;0;0;0;1;0;0;white;0;0;0;0;5;1;0;0;0;0;red;white
Soloman Islands;https://encrypted-tbn0.gstatic.com/images?q=tbn:ANd9GcRm66Uzzdj9v601Q0lV8CZ7-1wgg_36UCc4QYEGPuPngm23jtkDouyIJgQOJLc&s=10;6;2;30;0;1;1;0;0;4;0;1;1;1;1;0;0;green;0;0;0;0;5;0;1;0;0;0;blue;green
Somalia;https://upload.wikimedia.org/wikipedia/commons/thumb/a/a0/Flag_of_Somalia.svg/640px-Flag_of_Somalia.svg.png;4;1;637;5;10;2;0;0;2;0;0;1;0;1;0;0;blue;0;0;0;0;1;0;0;0;0;0;blue;blue
South Africa;https://upload.wikimedia.org/wikipedia/commons/a/af/Flag_of_South_Africa.svg;4;2;1221;29;6;1;0;3;5;1;1;1;0;1;0;1;orange;0;1;1;0;0;0;0;0;0;0;orange;blue
South Korea;https://upload.wikimedia.org/wikipedia/commons/thumb/0/09/Flag_of_South_Korea.svg/640px-Flag_of_South_Korea.svg.png;5;1;99;39;10;7;0;0;4;1;0;1;0;1;1;0;white;1;0;0;0;0;0;0;1;0;0;white;white
South Yemen;https://upload.wikimedia.org/wikipedia/commons/thumb/c/c2/Flag_of_South_Yemen_%2816-9%29.svg/640px-Flag_of_South_Yemen_%2816-9%29.svg.png;5;1;288;2;8;2;0;3;4;1;0;1;0;1;1;0;red;0;0;0;0;1;0;1;0;0;0;red;black
Spain;https://upload.wikimedia.org/wikipedia/commons/thumb/9/9a/Flag_of_Spain.svg/640px-Flag_of_Spain.svg.png;3;4;505;38;2;0;0;3;2;1;0;0;1;0;0;0;red;0;0;0;0;0;0;0;0;0;0;red;red
Sri Lanka;https://upload.wikimedia.org/wikipedia/commons/thumb/2/2d/Flag_of_Sri_Lanka_%2816-9%29.png/640px-Flag_of_Sri_Lanka_%2816-9%29.png;5;1;66;15;10;3;2;0;4;0;1;0;1;0;0;1;gold;0;0;0;0;0;0;0;1;1;0;gold;gold
St Helena;https://upload.wikimedia.org/wikipedia/commons/5/5b/Flag_of_Saint_Helena_%281984-2019%29.svg;4;3;0;0;1;1;0;0;7;1;1;1;1;1;0;1;blue;0;1;1;1;0;0;0;1;0;0;white;blue
St Kitts Nevis;https://upload.wikimedia.org/wikipedia/commons/thumb/b/b6/Flag_of_Saint_Christopher-Nevis-Anguilla.svg/640px-Flag_of_Saint_Christopher-Nevis-Anguilla.svg.png;1;4;0;0;1;1;0;0;5;1;1;0;1;1;1;0;green;0;0;0;0;2;0;1;0;0;0;green;red
St Lucia;https://upload.wikimedia.org/wikipedia/commons/thumb/2/27/Flag_of_Saint_Lucia_%28WFB_2000%29.jpg/640px-Flag_of_Saint_Lucia_%28WFB_2000%29.jpg;1;4;0;0;1;1;0;0;4;0;0;1;1;1;1;0;blue;0;0;0;0;0;0;1;0;0;0;blue;blue
St Vincent;https://upload.wikimedia.org/wikipedia/commons/6/6d/Flag_of_Saint_Vincent_and_the_Grenadines.svg;1;4;0;0;1;1;5;0;4;0;1;1;1;1;0;0;green;0;0;0;0;0;0;0;1;1;1;blue;green
Sudan;https://upload.wikimedia.org/wikipedia/commons/thumb/0/01/Flag_of_Sudan.svg/640px-Flag_of_Sudan.svg.png;4;1;2506;20;8;2;0;3;4;1;1;0;0;1;1;0;red;0;0;0;0;0;0;1;0;0;0;red;black
Suriname;https://upload.wikimedia.org/wikipedia/commons/thumb/6/60/Flag_of_Suriname.svg/640px-Flag_of_Suriname.svg.png;2;4;63;0;6;1;0;5;4;1;1;0;1;1;0;0;red;0;0;0;0;1;0;0;0;0;0;green;green
Swaziland;https://upload.wikimedia.org/wikipedia/commons/f/fb/Flag_of_Eswatini.svg;4;2;17;1;10;1;0;5;7;1;0;1;1;1;1;1;blue;0;0;0;0;0;0;0;1;0;0;blue;blue
Sweden;https://upload.wikimedia.org/wikipedia/commons/4/4c/Flag_of_Sweden.svg;3;1;450;8;6;1;0;0;2;0;0;1;1;0;0;0;blue;0;1;0;0;0;0;0;0;0;0;blue;blue
Switzerland;https://upload.wikimedia.org/wikipedia/commons/thumb/0/08/Flag_of_Switzerland_%28Pantone%29.svg/640px-Flag_of_Switzerland_%28Pantone%29.svg.png;3;1;41;6;4;1;0;0;2;1;0;0;0;1;0;0;red;0;1;0;0;0;0;0;0;0;0;red;red
Syria;https://upload.wikimedia.org/wikipedia/commons/5/53/Flag_of_Syria.svg;5;1;185;10;8;2;0;3;4;1;1;0;0;1;1;0;red;0;0;0;0;2;0;0;0;0;0;red;black
Taiwan;https://upload.wikimedia.org/wikipedia/commons/thumb/7/72/Flag_of_the_Republic_of_China.svg/640px-Flag_of_the_Republic_of_China.svg.png;5;1;36;18;7;3;0;0;3;1;0;1;0;1;0;0;red;1;0;0;1;1;0;0;0;0;0;blue;red
Tanzania;https://upload.wikimedia.org/wikipedia/commons/thumb/3/38/Flag_of_Tanzania.svg/640px-Flag_of_Tanzania.svg.png;4;2;945;18;10;5;0;0;4;0;1;1;1;0;1;0;green;0;0;0;0;0;0;1;0;0;0;green;blue
Thailand;https://upload.wikimedia.org/wikipedia/commons/thumb/a/a9/Flag_of_Thailand.svg/640px-Flag_of_Thailand.svg.png;5;1;514;49;10;3;0;5;3;1;0;1;0;1;0;0;red;0;0;0;0;0;0;0;0;0;0;red;red
Togo;https://upload.wikimedia.org/wikipedia/commons/thumb/6/68/Flag_of_Togo.svg/640px-Flag_of_Togo.svg.png;4;1;57;2;3;7;0;5;4;1;1;0;1;1;0;0;green;0;0;0;1;1;0;0;0;0;0;red;green
Tonga;https://upload.wikimedia.org/wikipedia/commons/thumb/9/9a/Flag_of_Tonga.svg/640px-Flag_of_Tonga.svg.png;6;2;1;0;10;1;0;0;2;1;0;0;0;1;0;0;red;0;1;0;1;0;0;0;0;0;0;white;red
Trinidad Tobago;https://upload.wikimedia.org/wikipedia/commons/thumb/2/28/Flag_of_Trinidad_and_Tobago_%281958%E2%80%931962%29.svg/640px-Flag_of_Trinidad_and_Tobago_%281958%E2%80%931962%29.svg.png;2;4;5;1;1;1;0;0;3;1;0;0;0;1;1;0;red;0;0;0;0;0;0;1;0;0;0;white;white
Tunisia;https://upload.wikimedia.org/wikipedia/commons/c/ce/Flag_of_Tunisia.svg;4;1;164;7;8;2;0;0;2;1;0;0;0;1;0;0;red;1;0;0;0;1;1;0;0;0;0;red;red
Turkey;https://upload.wikimedia.org/wikipedia/commons/thumb/b/b4/Flag_of_Turkey.svg/640px-Flag_of_Turkey.svg.png;5;1;781;45;9;2;0;0;2;1;0;0;0;1;0;0;red;0;0;0;0;1;1;0;0;0;0;red;red
Turks Caicos Islands;https://upload.wikimedia.org/wikipedia/commons/thumb/a/a0/Flag_of_the_Turks_and_Caicos_Islands.svg/1920px-Flag_of_the_Turks_and_Caicos_Islands.svg.png;1;4;0;0;1;1;0;0;6;1;1;1;1;1;0;1;blue;0;1;1;1;0;0;0;1;1;0;white;blue
Tuvalu;https://upload.wikimedia.org/wikipedia/commons/f/f4/Flag_of_Tuvalu_%28state%29.svg;6;2;0;0;1;1;0;0;5;1;0;1;1;1;0;0;blue;0;1;1;1;9;0;0;0;0;0;white;blue
UAE;https://upload.wikimedia.org/wikipedia/commons/c/cb/Flag_of_the_United_Arab_Emirates.svg;5;1;84;1;8;2;1;3;4;1;1;0;0;1;1;0;green;0;0;0;0;0;0;0;0;0;0;red;black
Uganda;https://upload.wikimedia.org/wikipedia/commons/4/4e/Flag_of_Uganda.svg;4;1;236;13;10;5;0;6;5;1;0;0;1;1;1;0;gold;1;0;0;0;0;0;0;0;1;0;black;red
United Kingdom;https://upload.wikimedia.org/wikipedia/commons/thumb/8/83/Flag_of_the_United_Kingdom_%283-5%29.svg/640px-Flag_of_the_United_Kingdom_%283-5%29.svg.png;3;4;245;56;1;1;0;0;3;1;0;1;0;1;0;0;red;0;1;1;0;0;0;0;0;0;0;white;red
Uruguay;https://upload.wikimedia.org/wikipedia/commons/thumb/f/fe/Flag_of_Uruguay.svg/640px-Flag_of_Uruguay.svg.png;2;3;178;3;2;0;0;9;3;0;0;1;1;1;0;0;white;0;0;0;1;1;0;0;0;0;0;white;white
US Virgin Isles;https://upload.wikimedia.org/wikipedia/commons/6/6e/Flag_of_Vanuatu_%28official%29.svg;1;4;0;0;1;1;0;0;6;1;1;1;1;1;0;0;white;0;0;0;0;0;0;0;1;1;1;white;white
United States;https://upload.wikimedia.org/wikipedia/commons/thumb/a/a4/Flag_of_the_United_States.svg/640px-Flag_of_the_United_States.svg.png;1;4;9363;231;1;1;0;13;3;1;0;1;0;1;0;0;white;0;0;0;1;50;0;0;0;0;0;blue;red
Russia;https://upload.wikimedia.org/wikipedia/commons/thumb/f/f3/Flag_of_Russia.svg/640px-Flag_of_Russia.svg.png;5;1;22402;274;5;6;0;0;2;1;0;0;1;0;0;0;red;0;0;0;0;1;0;0;1;0;0;red;red
Vanuatu;https://upload.wikimedia.org/wikipedia/commons/6/6e/Flag_of_Vanuatu_%28official%29.svg;6;2;15;0;6;1;0;0;4;1;1;0;1;0;1;0;red;0;0;0;0;0;0;1;0;1;0;black;green
Vatican City;https://upload.wikimedia.org/wikipedia/commons/3/39/Flag_of_the_Vatican_City_%282023%E2%80%93present%29.svg;3;1;0;0;6;0;2;0;4;1;0;0;1;1;1;0;gold;0;0;0;0;0;0;0;1;0;0;gold;white
Venezuela;https://upload.wikimedia.org/wikipedia/commons/thumb/0/06/Flag_of_Venezuela.svg/640px-Flag_of_Venezuela.svg.png;2;4;912;15;2;0;0;3;7;1;1;1;1;1;1;1;red;0;0;0;0;7;0;0;1;1;0;gold;red
Vietnam;https://upload.wikimedia.org/wikipedia/commons/thumb/2/21/Flag_of_Vietnam.svg/640px-Flag_of_Vietnam.svg.png;5;1;333;60;10;6;0;0;2;1;0;0;1;0;0;0;red;0;0;0;0;1;0;0;0;0;0;red;red
Western Samoa;https://upload.wikimedia.org/wikipedia/commons/thumb/1/1c/Flag_of_Samoa_%28WFB_2000%29.jpg/640px-Flag_of_Samoa_%28WFB_2000%29.jpg;6;3;3;0;1;1;0;0;3;1;0;1;0;1;0;0;red;0;0;0;1;5;0;0;0;0;0;blue;red
Zaire;https://upload.wikimedia.org/wikipedia/commons/thumb/f/f8/Flag_of_Zaire_%281971%E2%80%931997%29.svg/640px-Flag_of_Zaire_%281971%E2%80%931997%29.svg.png;4;2;905;28;10;5;0;0;4;1;1;0;1;0;0;1;green;1;0;0;0;0;0;0;1;1;0;green;green
Zambia;https://upload.wikimedia.org/wikipedia/commons/2/2f/Flag_of_Zambia_%28Pantone%29.svg;4;2;753;6;10;5;3;0;4;1;1;0;0;0;1;1;green;0;0;0;0;0;0;0;0;1;0;green;brown
Zimbabwe;https://upload.wikimedia.org/wikipedia/commons/6/6a/Flag_of_Zimbabwe.svg;4;2;391;8;10;5;0;7;5;1;1;0;1;1;1;0;green;0;0;0;0;1;0;1;1;1;0;green;green
Azerbaijan;https://upload.wikimedia.org/wikipedia/commons/thumb/d/dd/Flag_of_Azerbaijan.svg/640px-Flag_of_Azerbaijan.svg.png;;;;;;;;;;;;;;;;;;;;;;;;;;;;;
Bosnia and Herzegovina;https://upload.wikimedia.org/wikipedia/commons/thumb/b/bf/Flag_of_Bosnia_and_Herzegovina.svg/640px-Flag_of_Bosnia_and_Herzegovina.svg.png;;;;;;;;;;;;;;;;;;;;;;;;;;;;;
Cabo Verde;https://upload.wikimedia.org/wikipedia/commons/3/38/Flag_of_Cape_Verde.svg;;;;;;;;;;;;;;;;;;;;;;;;;;;;;
Cambodia;https://upload.wikimedia.org/wikipedia/commons/8/83/Flag_of_Cambodia.svg;;;;;;;;;;;;;;;;;;;;;;;;;;;;;
Channel Islands;https://upload.wikimedia.org/wikipedia/commons/thumb/a/a5/Flag_of_the_Channel_Islands_1.svg/640px-Flag_of_the_Channel_Islands_1.svg.png;;;;;;;;;;;;;;;;;;;;;;;;;;;;;
Croatia;https://upload.wikimedia.org/wikipedia/commons/thumb/6/61/Flag_of_Croatia_%283-2%29.svg/640px-Flag_of_Croatia_%283-2%29.svg.png;;;;;;;;;;;;;;;;;;;;;;;;;;;;;
Curacao;https://upload.wikimedia.org/wikipedia/commons/thumb/b/b1/Flag_of_Cura%C3%A7ao.svg/640px-Flag_of_Cura%C3%A7ao.svg.png;;;;;;;;;;;;;;;;;;;;;;;;;;;;;
Eritrea;https://upload.wikimedia.org/wikipedia/commons/thumb/8/8b/Eritrea.png/640px-Eritrea.png;;;;;;;;;;;;;;;;;;;;;;;;;;;;;
Estonia;https://upload.wikimedia.org/wikipedia/commons/thumb/8/8f/Flag_of_Estonia.svg/640px-Flag_of_Estonia.svg.png;;;;;;;;;;;;;;;;;;;;;;;;;;;;;
Georgia;https://upload.wikimedia.org/wikipedia/commons/0/0f/Flag_of_Georgia.svg;;;;;;;;;;;;;;;;;;;;;;;;;;;;;
